[
    {
        "image": "adf9d3ac76a644a9907087ce8b350083_jpg.rf.7ed078e5f0ec318515966549d4f3deea.jpg",
        "annotations": [
            {
                "label": "letters",
                "coordinates": {
                    "x": 265.7610785,
                    "y": 177.668507,
                    "width": 250.16987100000003,
                    "height": 97.55722800000001
                }
            }
        ]
    },
    {
        "image": "frame1257_jpg.rf.294f9de2783623477679675f112c44ed.jpg",
        "annotations": [
            {
                "label": "letters",
                "coordinates": {
                    "x": 83.61764099999999,
                    "y": 232.598927,
                    "width": 162.18804,
                    "height": 136.802146
                }
            },
            {
                "label": "letters",
                "coordinates": {
                    "x": 198,
                    "y": 252,
                    "width": 78,
                    "height": 95
                }
            }
        ]
    },
    {
        "image": "monstor-pothole-848x1024_jpg.rf.62e313dd2f4068ef2091539a1fafe73b.jpg",
        "annotations": [
            {
                "label": "letters",
                "coordinates": {
                    "x": 161.350771,
                    "y": 298.240425,
                    "width": 316.44867999999997,
                    "height": 227.633522
                }
            }
        ]
    },
    {
        "image": "pothole-road-b_jpg.rf.1ebb3ad429c9c64de1309a711dc3276c.jpg",
        "annotations": [
            {
                "label": "letters",
                "coordinates": {
                    "x": 283,
                    "y": 97,
                    "width": 62,
                    "height": 56
                }
            },
            {
                "label": "letters",
                "coordinates": {
                    "x": 134,
                    "y": 178,
                    "width": 160,
                    "height": 135
                }
            },
            {
                "label": "letters",
                "coordinates": {
                    "x": 102,
                    "y": 199,
                    "width": 125,
                    "height": 55
                }
            }
        ]
    },
    {
        "image": "kolei-dorog2_jpg.rf.ae81ea4c7b5cdc826cffd0f7698b7491.jpg",
        "annotations": [
            {
                "label": "letters",
                "coordinates": {
                    "x": 154,
                    "y": 90,
                    "width": 52,
                    "height": 10
                }
            },
            {
                "label": "letters",
                "coordinates": {
                    "x": 216,
                    "y": 105,
                    "width": 50,
                    "height": 19
                }
            },
            {
                "label": "letters",
                "coordinates": {
                    "x": 48,
                    "y": 125,
                    "width": 33,
                    "height": 41
                }
            },
            {
                "label": "letters",
                "coordinates": {
                    "x": 286,
                    "y": 202,
                    "width": 65,
                    "height": 47
                }
            },
            {
                "label": "letters",
                "coordinates": {
                    "x": 126,
                    "y": 64,
                    "width": 23,
                    "height": 5
                }
            }
        ]
    },
    {
        "image": "kolei-dorog2_jpg.rf.6a3f48372f437730e6a9cf515cb0f371.jpg",
        "annotations": [
            {
                "label": "letters",
                "coordinates": {
                    "x": 154,
                    "y": 90,
                    "width": 52,
                    "height": 10
                }
            },
            {
                "label": "letters",
                "coordinates": {
                    "x": 216,
                    "y": 105,
                    "width": 50,
                    "height": 19
                }
            },
            {
                "label": "letters",
                "coordinates": {
                    "x": 48,
                    "y": 125,
                    "width": 33,
                    "height": 41
                }
            },
            {
                "label": "letters",
                "coordinates": {
                    "x": 286,
                    "y": 202,
                    "width": 65,
                    "height": 47
                }
            },
            {
                "label": "letters",
                "coordinates": {
                    "x": 126,
                    "y": 64,
                    "width": 23,
                    "height": 5
                }
            }
        ]
    },
    {
        "image": "longitudinal-cracks-asphalt-b_jpg.rf.d9394851ba91116b9e5865f6b1aaf843.jpg",
        "annotations": [
            {
                "label": "letters",
                "coordinates": {
                    "x": 212,
                    "y": 77,
                    "width": 46,
                    "height": 43
                }
            },
            {
                "label": "letters",
                "coordinates": {
                    "x": 145,
                    "y": 202,
                    "width": 57,
                    "height": 120
                }
            }
        ]
    },
    {
        "image": "RmN7y2bnH8Jgjgeck_YAyveooqGV_CFrabjVWBQF-SUrZ5hf3RM3-PX3op7PmmPp7bN8_hTJWQa5-jpg-1920x1080_q85_jpg.rf.972c3097497de9e4dda1227743916f29.jpg",
        "annotations": [
            {
                "label": "letters",
                "coordinates": {
                    "x": 154.63425149999998,
                    "y": 246.733813,
                    "width": 244.12925499999997,
                    "height": 185.768222
                }
            }
        ]
    },
    {
        "image": "adf9d3ac76a644a9907087ce8b350083_jpg.rf.cb770150c5ef50a27bf7b8c2de78bcd4.jpg",
        "annotations": [
            {
                "label": "letters",
                "coordinates": {
                    "x": 265.7610785,
                    "y": 177.668507,
                    "width": 250.16987100000003,
                    "height": 97.55722800000001
                }
            }
        ]
    },
    {
        "image": "frame1257_jpg.rf.8f5bc87a01a84864377f3bda0758484a.jpg",
        "annotations": [
            {
                "label": "letters",
                "coordinates": {
                    "x": 83.61764099999999,
                    "y": 232.598927,
                    "width": 162.18804,
                    "height": 136.802146
                }
            },
            {
                "label": "letters",
                "coordinates": {
                    "x": 198,
                    "y": 252,
                    "width": 78,
                    "height": 95
                }
            }
        ]
    },
    {
        "image": "kolei-dorog2_jpg.rf.017d27bb37470d79ff5844aee2d95d15.jpg",
        "annotations": [
            {
                "label": "letters",
                "coordinates": {
                    "x": 154,
                    "y": 90,
                    "width": 52,
                    "height": 10
                }
            },
            {
                "label": "letters",
                "coordinates": {
                    "x": 216,
                    "y": 105,
                    "width": 50,
                    "height": 19
                }
            },
            {
                "label": "letters",
                "coordinates": {
                    "x": 48,
                    "y": 125,
                    "width": 33,
                    "height": 41
                }
            },
            {
                "label": "letters",
                "coordinates": {
                    "x": 286,
                    "y": 202,
                    "width": 65,
                    "height": 47
                }
            },
            {
                "label": "letters",
                "coordinates": {
                    "x": 126,
                    "y": 64,
                    "width": 23,
                    "height": 5
                }
            }
        ]
    },
    {
        "image": "monstor-pothole-848x1024_jpg.rf.20ac2b020a196e95a30a9bd36296c7f6.jpg",
        "annotations": [
            {
                "label": "letters",
                "coordinates": {
                    "x": 161.350771,
                    "y": 298.240425,
                    "width": 316.44867999999997,
                    "height": 227.633522
                }
            }
        ]
    },
    {
        "image": "longitudinal-cracks-asphalt-b_jpg.rf.f8a95198c60483566eb2d763a35e4c0d.jpg",
        "annotations": [
            {
                "label": "letters",
                "coordinates": {
                    "x": 212,
                    "y": 77,
                    "width": 46,
                    "height": 43
                }
            },
            {
                "label": "letters",
                "coordinates": {
                    "x": 145,
                    "y": 202,
                    "width": 57,
                    "height": 120
                }
            }
        ]
    },
    {
        "image": "adf9d3ac76a644a9907087ce8b350083_jpg.rf.a2717e63d35aef63e9e7fe060bff9815.jpg",
        "annotations": [
            {
                "label": "letters",
                "coordinates": {
                    "x": 265.7610785,
                    "y": 177.668507,
                    "width": 250.16987100000003,
                    "height": 97.55722800000001
                }
            }
        ]
    },
    {
        "image": "RmN7y2bnH8Jgjgeck_YAyveooqGV_CFrabjVWBQF-SUrZ5hf3RM3-PX3op7PmmPp7bN8_hTJWQa5-jpg-1920x1080_q85_jpg.rf.21563951a7c14386a0dc9848a5545230.jpg",
        "annotations": [
            {
                "label": "letters",
                "coordinates": {
                    "x": 154.63425149999998,
                    "y": 246.733813,
                    "width": 244.12925499999997,
                    "height": 185.768222
                }
            }
        ]
    },
    {
        "image": "frame1257_jpg.rf.78d1fc6a85ff96899067d6d3ff443706.jpg",
        "annotations": [
            {
                "label": "letters",
                "coordinates": {
                    "x": 83.61764099999999,
                    "y": 232.598927,
                    "width": 162.18804,
                    "height": 136.802146
                }
            },
            {
                "label": "letters",
                "coordinates": {
                    "x": 198,
                    "y": 252,
                    "width": 78,
                    "height": 95
                }
            }
        ]
    },
    {
        "image": "pothole-road-b_jpg.rf.cce81a1dd187042fb25801dd0a6a6985.jpg",
        "annotations": [
            {
                "label": "letters",
                "coordinates": {
                    "x": 283,
                    "y": 97,
                    "width": 62,
                    "height": 56
                }
            },
            {
                "label": "letters",
                "coordinates": {
                    "x": 134,
                    "y": 178,
                    "width": 160,
                    "height": 135
                }
            },
            {
                "label": "letters",
                "coordinates": {
                    "x": 102,
                    "y": 199,
                    "width": 125,
                    "height": 55
                }
            }
        ]
    },
    {
        "image": "monstor-pothole-848x1024_jpg.rf.1c6685007d40b722b5d821991b977586.jpg",
        "annotations": [
            {
                "label": "letters",
                "coordinates": {
                    "x": 161.350771,
                    "y": 298.240425,
                    "width": 316.44867999999997,
                    "height": 227.633522
                }
            }
        ]
    },
    {
        "image": "longitudinal-cracks-asphalt-b_jpg.rf.1990c2aab4255ee66404e8f0602cb438.jpg",
        "annotations": [
            {
                "label": "letters",
                "coordinates": {
                    "x": 212,
                    "y": 77,
                    "width": 46,
                    "height": 43
                }
            },
            {
                "label": "letters",
                "coordinates": {
                    "x": 145,
                    "y": 202,
                    "width": 57,
                    "height": 120
                }
            }
        ]
    },
    {
        "image": "RmN7y2bnH8Jgjgeck_YAyveooqGV_CFrabjVWBQF-SUrZ5hf3RM3-PX3op7PmmPp7bN8_hTJWQa5-jpg-1920x1080_q85_jpg.rf.2727f67e785c20f5e57f40f6de7e1cdb.jpg",
        "annotations": [
            {
                "label": "letters",
                "coordinates": {
                    "x": 154.63425149999998,
                    "y": 246.733813,
                    "width": 244.12925499999997,
                    "height": 185.768222
                }
            }
        ]
    },
    {
        "image": "pothole-road-b_jpg.rf.068eaeab8715f25c964afe7859a15829.jpg",
        "annotations": [
            {
                "label": "letters",
                "coordinates": {
                    "x": 283,
                    "y": 97,
                    "width": 62,
                    "height": 56
                }
            },
            {
                "label": "letters",
                "coordinates": {
                    "x": 134,
                    "y": 178,
                    "width": 160,
                    "height": 135
                }
            },
            {
                "label": "letters",
                "coordinates": {
                    "x": 102,
                    "y": 199,
                    "width": 125,
                    "height": 55
                }
            }
        ]
    }
]